category_slug,keyword
air,大気汚染防止法
air,大気汚染
air,大気環境
air,大気排出
air,大気
air,水銀
air,ばい煙
soil,土壌汚染対策法
soil,土壌汚染対策
soil,土壌汚染調査
soil,土壌
tap_water,水道における
tap_water,水道水
tap_water,水質基準
tap_water,水道法
environmental_water,環境水
environmental_water,公共用水域
environmental_water,地下水質
environmental_water,地下水環境基準
environmental_water,地下水の採取
environmental_water,水浴場
environmental_water,水質測定
environmental_water,水質調査
environmental_water,水環境改善
environmental_water,水環境における
environmental_water,水環境制度
environmental_water,水質汚濁に係る
environmental_water,水質環境基準
environmental_water,水質の目標値
effluent,水質汚濁防止法
effluent,排水基準
effluent,総量削減
effluent,総量管理
effluent,工場排水
effluent,事業場排水
odor,悪臭防止法
odor,臭気判定士
odor,悪臭
odor,臭気
noise,騒音規制法
noise,騒音
vibration,振動規制法
vibration,振動
common,環境測定
common,環境基準
common,精度管理調査
other,PCB
other,ポリ塩化ビフェニル
other,特定化学物質
other,ダイオキシン類
other,浄化槽
other,下水道
other,廃棄物の処理及び清掃に関する法律
other,廃棄物
other,温泉法
other,温泉成分
other,温泉熱
